score,offersIAP,containsAds,minInAppProductPrice,maxInAppProductPrice,age,total_updates,updatesPerMonth,description_readability_score,description_grade_level,summary_readability_score,summary_grade_level,description_reading_time,summary_reading_time,installsPerMonth,genre_consolidated_BUSINESS,genre_consolidated_EDUCATION,genre_consolidated_ENTERTAINMENT,genre_consolidated_FOOD_AND_DRINK,genre_consolidated_HEALTH_AND_FITNESS,genre_consolidated_Other,genre_consolidated_PHOTOGRAPHY,genre_consolidated_PRODUCTIVITY,genre_consolidated_TOOLS,genre_consolidated_TRAVEL_AND_LOCAL,genre_consolidated_VIDEO_PLAYERS,genre_consolidated_game
0.457713002,1,1,0.99,149.99,153,31,-0.063730153,61.13656286,8.150845279,74.805,5.806666667,23.00454,0.94016,0.789004915,0,0,0,0,0,0,0,0,0,0,0,1
0.334883631,1,0,0.5,199.99,133,69,-0.053971465,48.97457528,9.081567041,54.725,6.62,22.56384,0.35256,0.486041556,0,0,0,0,0,0,0,0,0,0,0,1
0.09977847,1,0,0.84,399.99,50,91,-0.01381102,48.30454314,9.698518781,76.50153846,5.818461538,49.43185,0.96954,-0.018489198,0,0,0,0,0,0,0,0,0,0,0,1
0.411152962,1,1,0.99,99.99,155,51,-0.05982838,74.58804196,4.323776224,74.805,5.806666667,5.1415,0.86671,1.142490935,0,0,0,0,0,0,0,0,0,0,0,1
0.532715128,1,1,1.99,10.99,23,4,-0.064615993,71.00431636,6.696352353,109.095,-0.466666667,36.725,0.92547,0.189991389,0,0,0,0,0,0,0,0,0,0,0,1
0.079820204,1,1,0.99,49.99,151,13,-0.067326488,55.30795657,8.533875812,57.23363636,8.009090909,31.84792,0.85202,0.312069671,0,0,0,0,0,0,0,0,0,0,0,1
-0.064539597,1,1,0.99,9.99,129,11,-0.067351839,64.57075713,7.372153392,83.00923077,4.910769231,26.19227,0.80795,0.060573967,0,0,0,0,0,0,0,0,0,0,0,1
-0.120872022,1,1,0.99,24.99,85,0,-0.069983661,53.05568306,10.9104918,57.23363636,8.009090909,4.24541,0.83733,0.374231579,0,0,0,0,0,0,0,0,0,0,0,1
0.562532089,1,1,0.1,299.99,151,65,-0.056697795,71.30867958,6.662968051,74.805,5.806666667,30.92245,0.89609,0.35186374,0,0,0,0,0,0,0,0,0,0,0,1
0.394878001,1,1,0.29,99.99,144,12,-0.067411654,37.95442105,11.20210777,8.365,14.08,42.39534,0.77857,-0.026458236,0,0,0,0,0,0,0,0,0,0,0,1
0.219732924,1,0,1.99,69.99,70,9,-0.066015421,58.76077826,8.314861203,97.025,0.72,33.27285,0.27911,-0.153127482,0,0,0,0,0,0,0,0,0,0,0,1
0.385138248,1,1,0.99,179.99,169,84,-0.054642931,72.11389801,7.232193787,94.995,1.5,25.23742,0.76388,-0.013889917,0,0,0,0,0,0,0,0,0,0,0,1
0.635261253,1,1,4.99,49.99,33,10,-0.060630907,61.18527515,9.430283636,47.3,8.897777778,45.50962,0.67574,1.093950827,0,0,0,0,0,0,0,0,0,0,0,1
0.407814577,1,1,0.99,224.99,129,26,-0.063762992,55.85171569,8.988529412,73.845,4.45,25.98661,0.99892,0.15448152,0,0,0,0,0,0,0,0,0,0,0,1
-0.101763761,1,0,9.99,9.99,100,5,-0.068440457,70.35708165,7.452623211,73.845,4.45,44.17283,0.36725,-0.110342344,0,0,0,0,0,0,0,0,0,0,0,1
0.31750825,0,0,0,0,68,0,-0.069983661,65.66842923,8.456260547,52.695,7.4,34.27177,1.01361,-0.138595853,0,0,0,0,0,0,0,0,0,0,0,1
0.336500959,1,1,0.49,29.99,127,11,-0.067310393,59.5609153,7.477459016,34.59,9.18,20.38972,0.27911,-0.220356969,0,0,0,0,0,0,0,0,0,0,0,1
0.152940557,1,0,0.09,109.99,92,12,-0.06595791,50.73981481,10.34545055,34.59,9.18,37.87082,0.36725,1.413471738,0,0,0,0,0,0,0,0,0,0,0,1
0.107239036,1,1,0.99,249.99,120,31,-0.062010438,66.03197696,7.202846462,67.755,6.79,34.43336,0.82264,-0.114850896,0,0,0,0,0,0,0,0,0,0,0,1
0.601583009,1,1,0.99,199.99,76,70,-0.041556211,38.35078241,13.42074516,90.95857143,2.311428571,46.69951,0.94016,-0.016864926,0,0,0,0,0,0,0,0,0,0,0,1
0.283925852,1,1,0.99,299.99,80,16,-0.063810843,72.69043735,6.093591862,73.845,4.45,25.47246,0.4407,-0.070875061,0,0,0,0,0,0,0,0,0,0,0,1
0.448664824,1,0,0.39,99.99,106,25,-0.062704395,39.01279107,14.2553487,84.91571429,3.154285714,48.78549,0.89609,0.190414732,0,0,0,0,0,0,0,0,0,0,0,1
0.194207294,1,0,0.49,172.99,80,12,-0.065354048,53.89973349,10.45023436,16.67068182,12.30045455,31.12811,0.99892,0.06095055,0,0,0,0,0,0,0,0,0,0,0,1
0.356727217,1,1,0.99,99.99,150,20,-0.065868449,62.41875,8.279583333,69.785,6.01,35.94643,0.7345,-0.004579466,0,0,0,0,0,0,0,0,0,0,0,1
0.17640557,1,0,0.29,239.99,79,87,-0.035994095,62.12227917,7.734222365,63.57596154,6.006538462,47.49277,0.99892,0.177868189,0,0,0,0,0,0,0,0,0,0,0,1
0.551765376,1,1,1.99,1.99,74,14,-0.064144509,72.1711191,7.029736211,93.57977273,1.573181818,18.97948,0.77857,-0.0406027,0,0,0,0,0,0,0,0,0,0,0,1
0.314308433,1,1,0.99,99.99,66,35,-0.053616341,52.67236842,10.6327193,54.725,6.62,36.41651,0.35256,0.116041349,0,0,0,0,0,0,0,0,0,0,0,1
0.150056733,1,1,0.99,129.99,57,87,-0.022875315,57.5359375,9.566180556,82.39,3.755,21.62368,0.64636,0.278338739,0,0,0,0,0,0,0,0,0,0,0,1
0.695489328,1,1,0.99,19.99,43,23,-0.053474962,63.11089041,9.638121331,28.5,11.52,20.69821,0.89609,-0.226471911,0,0,0,0,0,0,0,0,0,0,0,1
0.48094234,1,0,0.99,99.99,52,29667,17.5385724,65.21988868,7.4823624,52.865,8.37,21.97624,0.79326,0.131407259,0,0,0,0,0,0,0,0,0,0,0,1
0.587229783,1,0,19.99,200,23,21,-0.041803406,31.76840909,12.14655844,66.4,5.24,16.73191,0.32318,1.720214012,0,0,0,0,0,0,0,1,0,0,0,0
0.372114811,0,0,0,0,16,1,-0.068054655,37.62170662,13.29421574,80.30636364,4.790909091,31.70102,0.80795,2.00903708,0,0,0,0,0,0,0,1,0,0,0,0
0.409835548,0,0,0,0,154,0,-0.069983661,46.56522374,11.12319359,64.92454545,6.936363636,16.95226,0.89609,4.123765192,0,0,0,0,0,0,0,1,0,0,0,0
0.584126364,0,0,0,0,149,0,-0.069983661,75.10016938,6.745406504,77.905,2.89,19.22921,0.1469,1.607126254,0,0,0,0,0,0,0,1,0,0,0,0
0.382827925,1,1,0.99,21.99,132,95,-0.04777087,54.13387228,8.922774758,59.68214286,8.412857143,35.72608,0.8814,-0.305694487,0,0,0,0,0,0,0,1,0,0,0,0
0.378242198,1,1,1.99,129.99,183,0,-0.069983661,20.88289474,19.78684211,84.45,5.206666667,47.38994,0.96954,0.062328068,0,0,0,0,0,0,0,1,0,0,0,0
0.106023931,0,0,0,0,135,0,-0.069983661,44.31935632,10.43972414,46.605,9.74,18.3625,1.01361,0.784975851,0,0,0,0,0,0,0,1,0,0,0,0
0.477480521,1,1,0.49,129.99,65,0,-0.069983661,34.29119906,13.38849007,66.4,5.24,36.78376,0.38194,1.363970593,0,0,0,0,0,0,0,1,0,0,0,0
0.210693495,1,0,0.99,,172,0,-0.069983661,38.4604,12.33108571,67.755,6.79,23.68028,0.98423,5.747546559,0,0,0,0,0,0,0,1,0,0,0,0
0.121337276,0,0,0,0,135,0,-0.069983661,36.66738372,13.48616279,60.705,7.773333333,20.13999,1.01361,0.673178573,0,0,0,0,0,0,0,1,0,0,0,0
0.395930341,1,0,1.99,9.99,79,7,-0.067248868,59.30938689,9.842494715,75.5,4.964444444,32.7587,0.64636,-0.331401321,0,0,0,0,0,0,0,1,0,0,0,0
0.525340004,1,1,0.99,47.99,116,0,-0.069983661,50.15868421,13.0062406,72.61545455,5.863636364,28.3517,0.7345,-0.327801275,0,0,0,0,0,0,0,1,0,0,0,0
0.582436993,1,0,19,390,2,10,0.084336782,57.15941176,8.303361345,97.025,0.72,6.6105,0.20566,-0.246091558,0,0,0,0,0,0,0,1,0,0,0,0
0.576137382,1,0,1,129.99,127,0,-0.069983661,51.72324016,9.200007874,69.99384615,6.726153846,39.31044,0.98423,1.322256298,0,0,0,0,0,0,0,1,0,0,0,0
0.587298673,1,0,1,129.99,127,0,-0.069983661,44.76462923,10.89234268,32.505,11.70666667,49.22619,0.99892,1.169015491,0,0,0,0,0,0,0,1,0,0,0,0
-0.007189356,0,0,0,0,134,0,-0.069983661,43.40866308,11.89376656,49.54272727,9.081818182,26.11882,0.95485,0.549054606,0,0,0,0,0,0,0,1,0,0,0,0
0.54193482,1,0,4.99,199.99,25,50,-0.008255484,52.22724026,8.504123377,59.745,6.416666667,9.44567,0.4407,-0.266393846,0,0,0,0,0,0,0,1,0,0,0,0
0.538935681,1,1,0.49,399.99,178,96,-0.05333786,49.82498362,10.29801711,50.47076923,9.449230769,45.86218,0.99892,-0.096976106,0,0,0,0,0,0,0,1,0,0,0,0
0.537068018,1,0,9.99,214.99,86,6,-0.067830352,60.68621849,7.853051289,53.655,8.756666667,28.70426,0.99892,-0.304214414,0,0,0,0,0,0,0,1,0,0,0,0
0.455608954,0,0,0,0,87,0,-0.069983661,29.01611475,21.33544262,24.495,11.33333333,17.43703,0.99892,-0.303635499,0,0,0,0,0,0,0,1,0,0,0,0
0.443062069,1,1,0.05,239.99,169,35,-0.06359169,37.25909091,11.9662987,59.745,6.416666667,37.69454,0.52884,0.017111486,0,0,0,0,0,0,0,1,0,0,0,0
0.586788937,0,0,0,0,107,0,-0.069983661,59.34479447,9.002771421,41.85181818,10.15454545,30.93714,0.89609,1.244305017,0,0,0,0,0,0,0,1,0,0,0,0
0.549704759,1,1,9.99,199.99,18,30,-0.018543513,48.83122137,11.09750273,47.43431818,8.009545455,40.13308,0.86671,-0.167882551,0,0,0,0,0,0,0,1,0,0,0,0
0.439582831,1,0,20,250,11,26,0.002967821,49.33333333,10.27035461,49.48,7.6,23.26896,0.36725,-0.289127463,0,0,0,0,0,0,0,1,0,0,0,0
0.496359886,0,0,0,0,163,16,-0.066954057,44.71870343,13.91019374,39.74340909,9.082272727,48.68266,0.95485,0.178011995,0,0,0,0,0,0,0,1,0,0,0,0
-3.182379661,0,0,0,0,2,7,0.038040649,45.0458822,11.72130366,41.55357143,10.94142857,30.73148,1.1752,-0.330377339,0,0,0,0,0,0,0,1,0,0,0,0
0.263446264,1,0,6.99,216,184,432,0.002479851,55.59519231,9.603974359,57.94,6.42,32.67056,0.82264,0.224397347,0,0,0,0,0,0,0,1,0,0,0,0
-0.347548538,0,0,0,0,83,27,-0.059943536,61.005,10.07380952,30.53,10.74,11.37006,0.63167,8.006791033,0,0,0,0,0,0,0,0,1,0,0,0
0.574447933,1,0,1.99,129.99,127,0,-0.069983661,38.93373913,14.30957971,34.16090909,11.22727273,48.7708,0.95485,1.141241659,0,0,0,0,0,0,0,1,0,0,0,0
0.562718894,1,0,0.99,11.99,74,4,-0.068315332,39.09963504,11.32653578,70.08365385,5.098846154,36.79845,0.96954,-0.326088914,0,0,0,0,0,0,0,1,0,0,0,0
0.429646183,0,0,0,0,149,51,-0.059419443,23.2903558,17.9356395,56.7,7.586666667,26.41262,0.64636,-0.31444514,1,0,0,0,0,0,0,0,0,0,0,0
0.42617932,1,0,0.99,48,153,0,-0.069983661,57.71469944,9.670186335,52.695,7.4,31.42191,0.98423,-0.307528159,0,0,0,0,0,0,0,1,0,0,0,0
0.489572136,0,0,0,0,99,0,-0.069983661,44.43561321,13.64479036,50.47076923,9.449230769,38.32621,0.98423,-0.311088814,0,0,0,0,0,0,0,1,0,0,0,0
0.194107585,0,0,0,0,5,3,-0.051465208,26.44642857,13.04857143,-21.81,17.04666667,5.80255,0.32318,0.570316365,0,0,0,0,0,0,0,1,0,0,0,0
0.638245101,0,0,0,0,100,30,-0.060724434,57.32428571,8.99015873,70.08365385,5.098846154,48.3301,0.98423,-0.291938322,0,0,0,0,0,1,0,0,0,0,0,0
0.672446638,1,0,29.99,299.99,3,5,-0.018543513,50.63085271,9.758139535,38.595,9.366666667,3.33463,0.96954,1.084849908,0,0,0,0,0,0,0,1,0,0,0,0
0.27949556,1,1,2.99,27.99,137,14,-0.066829666,39.57313458,12.76819245,78.87285714,3.997142857,48.82956,0.8814,-0.162250017,0,0,0,0,0,0,0,0,0,0,0,0
-0.055444993,1,0,2.99,2.99,130,0,-0.069983661,36.39015068,15.43772603,84.45,5.206666667,11.88421,0.92547,-0.223067896,0,0,0,0,0,0,0,0,0,0,0,0
0.403273699,1,0,1.99,9.99,161,8,-0.068450042,-28.96166667,39.65740741,34.59,9.18,48.49169,0.39663,-0.316367522,0,0,0,0,0,0,0,0,0,0,0,0
0.255751127,1,1,5.99,39.99,161,6,-0.068833446,41.99480078,10.41925922,50.665,8.18,49.5053,0.63167,-0.29563884,0,0,0,0,0,0,0,0,0,0,0,0
0.3339083,1,1,5.49,46.99,93,10,-0.066664942,60.88495726,7.637820513,66.795,5.433333333,39.19292,0.89609,-0.124465634,0,0,0,0,0,0,0,0,0,0,0,1
0.188886324,0,0,0,0,128,6,-0.068536907,45.85327835,11.68321649,18.94,12.605,15.46857,0.67574,-0.326810831,0,0,0,0,0,1,0,0,0,0,0,0
0.604825863,1,0,1.49,300,92,33,-0.058912847,24.50742865,15.24911661,39.74340909,9.082272727,47.93347,0.98423,0.188809069,0,0,0,0,0,0,0,0,0,0,0,0
-0.013775324,1,0,0.99,9.99,18,4,-0.063124975,-16.48919835,32.9181373,39.555,10.72333333,48.05099,0.94016,-0.329172912,0,0,0,0,0,0,0,0,0,0,0,0
0.108930062,1,0,0.99,119.99,55,4,-0.067739,51.17725821,11.99138628,45.645,8.383333333,48.74142,0.55822,-0.315614334,0,0,0,0,0,0,0,0,0,0,0,0
0.186596337,0,0,0,0,116,15,-0.065992615,17.09164179,22.76443497,47.3,8.897777778,26.8827,0.71981,-0.321830964,0,1,0,0,0,0,0,0,0,0,0,0
0.269177103,1,0,1.99,29.99,80,0,-0.069983661,31.74769494,16.37167807,69.785,6.01,42.21906,0.77857,-0.32688804,0,0,0,0,0,0,0,0,0,0,0,0
0.163188864,1,0,2.99,49.99,56,6,-0.066676794,12.24667526,23.59991409,54.725,6.62,23.2102,0.36725,-0.320268938,0,0,0,0,0,0,0,0,0,0,0,0
0.534451003,1,1,1.99,119.99,146,7,-0.068503876,51.07088008,10.53003313,88.72514706,2.995588235,21.91748,0.92547,-0.32978952,0,1,0,0,0,0,0,0,0,0,0,0
0.460749975,1,1,1.99,7.99,90,21,-0.06278204,38.84171111,11.06131358,63.48615385,7.633846154,28.17542,0.95485,-0.065746345,0,0,0,0,0,0,0,0,0,0,0,1
0.41682973,1,0,9.99,99.99,85,30,-0.059090453,41.26827798,11.43548943,35.945,10.73,46.99331,0.99892,-0.241889167,0,0,0,0,0,0,0,0,0,0,0,0
0.256105979,1,0,4.99,64.99,25,13,-0.053934335,58.33333333,9.015035461,76.59134615,4.191153846,10.31238,0.95485,-0.26566618,0,0,0,0,0,0,0,0,0,0,0,0
0.494261198,1,1,0.99,189.99,83,35,-0.056968684,30.76060543,13.07218343,72.61545455,5.863636364,44.01124,0.70512,-0.042096606,0,0,0,0,0,0,0,0,0,0,0,1
0.431343908,1,1,6.99,34.99,75,19,-0.062164758,40.10174855,10.98659102,37.9,10.20888889,34.19832,0.83733,0.011234418,0,0,0,0,0,1,0,0,0,0,0,0
0.406326437,0,0,0,0,143,0,-0.069983661,47.246,10.21842857,66.1,6.275555556,17.39296,0.71981,-0.215213123,0,0,0,0,0,0,0,0,0,0,0,0
0.420922747,1,0,4.99,599.99,9,8,-0.042548916,11.9225,15.58896825,73.845,4.45,24.88486,0.41132,-0.082763429,0,0,0,0,0,0,1,0,0,0,0,0
0.214019268,1,1,0.99,9.99,30,6,-0.063810843,31.89112069,17.04476601,-38.955,20.18333333,38.47311,1.04299,-0.322600112,0,0,0,0,0,0,0,0,0,0,0,0
0.378686433,1,0,2.99,159.99,30,11,-0.058666828,38.08527006,11.87820249,73.845,4.45,46.30288,0.83733,-0.191572801,0,0,0,0,0,0,1,0,0,0,0,0
-0.104703864,0,0,0,0,52,12,-0.062861179,-27.58104959,41.15414876,41.85181818,10.15454545,37.43012,0.96954,-0.319982104,0,0,0,0,0,0,0,1,0,0,0,0
0.529102998,1,1,9.99,9.99,51,70,-0.027621186,49.00837009,9.600349064,52.865,8.37,48.9177,0.66105,-0.269853497,0,0,0,0,0,0,0,0,0,0,0,1
0.479875892,1,0,0.99,9.99,53,178,0.033673089,58.11744019,8.585933014,47.3,8.897777778,11.37006,0.67574,-0.307482316,0,0,0,0,0,0,0,0,0,0,0,0
0.041399379,1,0,1.99,199.99,12,26,-0.003111469,52.83804878,9.070569106,56.7,7.586666667,41.88119,0.5876,-0.306910734,0,0,0,0,0,0,0,0,0,0,0,0
0.268330565,1,0,1.99,7.99,167,8,-0.068505142,11.58144231,23.75480769,50.665,8.18,16.70253,0.57291,-0.325062642,0,0,0,0,0,0,0,0,0,0,0,0
0.220380832,1,0,15.99,749.99,9,1,-0.066554318,30.81842322,11.90878652,83.32,2.88,15.87989,0.35256,-0.291628945,0,0,0,0,0,0,0,0,0,0,0,0
0.489711176,1,1,0.99,23.99,67,58,-0.043265495,53.59753619,10.60530658,56.7,7.586666667,32.03889,0.71981,-0.306811797,0,0,0,0,0,0,0,0,0,0,0,1
0.661985908,1,0,7.99,69.99,24,9,-0.058409628,50.70156078,10.74861351,69.785,6.01,36.15209,0.77857,-0.27380389,0,0,0,0,1,0,0,0,0,0,0,0
-3.182379661,0,0,0,0,25,4,-0.065045407,38.17721113,11.62973739,50.665,8.18,9.90106,0.69043,-0.332860041,0,0,0,0,1,0,0,0,0,0,0,0
-3.182379661,0,0,0,0,22,3,-0.065774922,34.25841912,13.23214869,52.865,8.37,13.64701,0.82264,-0.332810671,0,0,0,0,0,1,0,0,0,0,0,0
-3.182379661,0,0,0,0,13,5,-0.058112858,59.1,10.97833333,46.605,9.74,3.14366,0.95485,-0.33284629,0,0,0,0,0,0,0,0,0,1,0,0
-3.182379661,0,0,0,0,6,2,-0.059695631,36.16418408,11.36742323,39.555,10.72333333,49.29964,1.01361,-0.332751248,0,0,0,0,0,1,0,0,0,0,0,0
0.103610984,1,0,3.99,299.99,140,15,-0.066676794,55.63074059,8.89277107,61.325,7.19,37.1657,0.96954,-0.317295095,0,0,0,0,1,0,0,0,0,0,0,0
-3.182379661,0,1,0,0,46,22,-0.055222575,33.505,16.03888889,71.815,5.23,7.68287,0.60229,-0.33284035,0,0,0,0,0,1,0,0,0,0,0,0
0.52774436,0,0,0,0,64,9,-0.065643398,57.87086211,9.177876946,12.425,12.52,19.36142,0.35256,-0.294205777,0,0,0,0,0,1,0,0,0,0,0,0
-3.182379661,0,0,0,0,56,4,-0.067779083,27.9775,15.60321429,67.53,7.566666667,14.66062,0.92547,-0.332858421,0,0,0,0,1,0,0,0,0,0,0,0
-3.182379661,0,0,0,0,7,9,-0.030301261,50.10614865,10.86644144,41.85181818,10.15454545,8.31454,0.8814,-0.33285082,0,0,0,0,0,1,0,0,0,0,0,0
0.381700391,0,0,0,0,113,94,-0.044309109,45.2972028,12.0163037,19.1,12.83111111,11.37006,1.04299,-0.332842565,1,0,0,0,0,0,0,0,0,0,0,0
-3.182379661,0,0,0,0,23,5,-0.063274076,34.70558908,11.42043103,32.505,11.70666667,13.05941,0.96954,-0.332834083,0,1,0,0,0,0,0,0,0,0,0,0
0.252614445,1,0,3.99,99.99,170,0,-0.069983661,45.91310413,10.91059089,44.405,9.55,46.99331,1.01361,-0.31889538,0,0,0,0,1,0,0,0,0,0,0,0
-3.182379661,0,0,0,0,3,1,-0.059695631,42.4883125,10.5129375,49.54272727,9.081818182,10.75308,0.91078,-0.332848105,0,0,0,0,1,0,0,0,0,0,0,0
0.173973942,1,0,2.99,279.99,126,6,-0.068513942,60.07747148,9.385694244,76.50153846,5.818461538,40.6913,0.98423,-0.331931188,0,0,0,0,1,0,0,0,0,0,0,0
-3.182379661,0,0,0,0,37,2,-0.068315332,60.42419304,9.737816456,30.53,10.74,5.24433,0.5876,-0.332850117,0,0,0,0,0,1,0,0,0,0,0,0
-3.182379661,1,0,25,49,50,6,-0.06627997,61.32833333,11.33,87.99727273,3.718181818,5.47937,0.74919,-0.332860316,0,0,0,0,1,0,0,0,0,0,0,0
0.535378489,1,1,0.99,11.99,70,10,-0.065574505,63.40278264,8.743787566,78.245,4.83,23.32772,0.67574,-0.320987006,0,0,0,0,0,1,0,0,0,0,0,0
-3.182379661,0,0,0,0,37,7,-0.064144509,42.35619048,11.98880952,62.79,5.246666667,13.03003,0.2938,-0.332764973,0,0,0,0,0,1,0,0,0,0,0,0
-0.008797225,0,0,0,0,43,1,-0.069265891,54.17261833,10.5010983,64.92454545,6.936363636,48.46231,1.01361,-0.332522045,0,0,0,0,0,1,0,0,0,0,0,0
-3.182379661,0,0,0,0,24,5,-0.063553642,59.41396396,8.036216216,52.865,8.37,2.60013,0.74919,-0.332830747,0,1,0,0,0,0,0,0,0,0,0,0
-0.660107552,1,0,2.99,14.99,47,11,-0.062760151,48.84509756,10.52063415,78.245,4.83,48.25665,0.86671,-0.329436045,0,0,0,0,1,0,0,0,0,0,0,0
0.628507081,1,0,48.99,499.99,49,26,-0.053606798,32.87463736,13.19536264,19.025,13.09,34.69778,1.01361,-0.332720502,0,0,0,0,1,0,0,0,0,0,0,0
-1.146170432,1,0,9.99,9.99,17,32,-0.011886553,53.99441176,10.55478992,92.965,2.28,9.31346,0.54353,-0.332775559,0,0,0,0,0,1,0,0,0,0,0,0
0.245424393,1,1,0.99,199.99,104,13,-0.06612565,41.85526965,11.41878788,38.595,9.366666667,44.56946,0.96954,-0.269845302,0,0,0,0,0,0,0,0,0,0,0,1
-3.182379661,1,0,13.99,54.99,38,2,-0.068359235,28.94021687,13.3466506,27.485,11.91,7.18341,0.86671,-0.332858194,0,0,0,0,1,0,0,0,0,0,0,0
-3.182379661,0,0,0,0,15,8,-0.053522814,44.35562988,10.37523686,119.19,-2.62,20.22813,0.19097,-0.33285958,0,0,0,0,1,0,0,0,0,0,0,0
-3.182379661,0,0,0,0,7,5,-0.047937883,36.73283673,13.00502041,26.47,12.3,8.43206,1.0283,-0.332846772,0,1,0,0,0,0,0,0,0,0,0,0
0.703495808,0,0,0,0,20,4,-0.063810843,56.60571429,10.58095238,6.39,13.11333333,4.71549,0.32318,-0.332837222,0,0,0,0,0,1,0,0,0,0,0,0
0.461161736,1,0,0.99,399.99,134,24,-0.064455764,42.66194294,10.92697183,60.705,7.773333333,49.68158,0.99892,-0.316732724,0,1,0,0,0,0,0,0,0,0,0,0
0.15051492,0,0,0,0,118,11,-0.0671065,28.9455566,13.17200629,75.875,3.67,28.82178,0.2938,-0.31281059,0,1,0,0,0,0,0,0,0,0,0,0
0.340583808,1,1,0.99,239.99,147,0,-0.069983661,49.7928972,10.11161549,80.30636364,4.790909091,37.0188,0.8814,0.100670065,0,1,0,0,0,0,0,0,0,0,0,0
-1.125789764,0,0,0,0,127,38,-0.060748737,49.75681818,10.22311688,78.245,4.83,17.61331,0.67574,-0.089867575,0,1,0,0,0,0,0,0,0,0,0,0
-0.007236333,1,0,5.99,5.99,143,6,-0.068688664,34.46346154,12.01602122,24.36159091,11.22772727,37.54764,1.01361,-0.327712364,0,1,0,0,0,0,0,0,0,0,0,0
0.547747869,1,0,4.95,199.99,85,12,-0.065626378,51.46841938,10.14304274,45.645,8.383333333,22.49039,1.01361,-0.325212355,0,0,0,0,0,0,0,0,0,0,0,1
0.508766627,1,0,0.99,799.99,137,36,-0.061873389,-31.61883056,32.62487708,-21.81,17.04666667,30.34954,0.41132,-0.316563429,0,1,0,0,0,0,0,0,0,0,0,0
0.348917159,1,1,0.99,199.99,147,0,-0.069983661,40.73445803,12.18188489,55.12522727,6.936818182,48.21258,1.0283,-0.305959965,0,1,0,0,0,0,0,0,0,0,0,0
-3.182379661,1,0,9.99,89.99,2,5,0.00717656,28.85057913,12.62008028,72.61545455,5.863636364,21.93217,0.91078,-0.332614403,0,1,0,0,0,0,0,0,0,0,0,0
-3.182379661,1,0,6.99,54.99,1,1,-0.039119572,45.16707865,10.11800963,80.895,3.466666667,15.14539,0.95485,-0.332148534,0,1,0,0,0,0,0,0,0,0,0,0
0.602136726,1,0,0.99,79.99,150,63,-0.057020744,43.87517045,12.26344697,31.545,10.35,13.76453,0.61698,-0.306400898,0,1,0,0,0,0,0,0,0,0,0,0
0.120302356,0,0,0,0,133,0,-0.069983661,44.90738548,10.5564482,15.64,12.32,41.52863,0.55822,-0.328999751,0,1,0,0,0,0,0,0,0,0,0,0
-0.234329103,1,0,9.95,79.99,137,77,-0.052636691,20.68181452,20.00120968,100.24,0.52,26.16289,0.33787,-0.318116753,0,1,0,0,0,0,0,0,0,0,0,0
0.522862502,1,1,1.99,35.99,144,0,-0.069983661,45.20263274,10.7678355,54.725,6.62,26.08944,0.38194,-0.302687914,0,1,0,0,0,0,0,0,0,0,0,0
0.545961786,1,1,0.99,105.5,56,7,-0.06612565,32.64390341,14.73380295,71.76785714,6.727142857,38.16462,0.98423,-0.31691709,0,1,0,0,0,0,0,0,0,0,0,0
0.251215372,1,0,0.99,79.99,125,52,-0.0571442,44.76749251,10.72555145,90.99,1.313333333,40.30936,0.32318,-0.152065649,0,1,0,0,0,0,0,0,0,0,0,0
0.341339623,1,0,0.99,239.99,139,60,-0.056661033,41.92542308,13.17864835,72.61545455,5.863636364,26.54483,0.83733,-0.31008511,0,1,0,0,0,0,0,0,0,0,0,0
0.386302749,0,0,0,0,149,5,-0.068947953,46.79149254,13.86628287,52.865,8.37,14.60186,0.77857,-0.308990311,0,1,0,0,0,0,0,0,0,0,0,0
0.536584687,1,1,9.99,299.99,85,11,-0.065989485,48.271919,10.98345227,57.06826923,6.914230769,48.94708,0.96954,-0.314183111,0,1,0,0,0,0,0,0,0,0,0,0
0.37770259,1,0,9.95,9.99,13,52,0.053472693,32.44613302,12.80011508,90.99,1.313333333,28.01383,0.24973,-0.330790189,0,1,0,0,0,0,0,0,0,0,0,0
0.257722046,0,0,0,0,111,8,-0.067759222,40.22709487,15.95698782,64.92454545,6.936363636,46.89048,0.89609,-0.322429142,0,0,0,0,0,0,0,0,0,0,0,1
0.089074657,0,0,0,0,37,23,-0.050797876,40.29700886,13.95103025,78.87285714,3.997142857,44.9514,0.96954,-0.304563677,0,1,0,0,0,0,0,0,0,0,0,0
0.577334121,1,0,0.49,369.99,51,71,-0.027016008,27.38561741,14.89038322,66.4,5.24,33.28754,0.38194,-0.215454726,0,1,0,0,0,0,0,0,0,0,0,0
-0.350389877,1,1,0.49,399.99,140,7,-0.068440457,35.17660299,12.65630924,52.865,8.37,50.22511,0.95485,-0.313947149,0,1,0,0,0,0,0,0,0,0,0,0
0.092435979,1,1,0.05,299.99,25,2,-0.067514534,35.86227866,11.29572327,39.555,10.72333333,28.6455,0.94016,-0.232571508,0,0,1,0,0,0,0,0,0,0,0,0
-0.0622035,1,1,0.05,999.99,178,0,-0.069983661,14.29909204,25.13544776,41.85181818,10.15454545,25.81033,0.8814,9.048721656,0,0,0,0,0,0,0,0,0,0,1,0
-0.014552499,0,0,0,0,172,0,-0.069983661,58.48315059,8.060652325,39.555,10.72333333,10.73839,1.01361,1.190031123,0,0,1,0,0,0,0,0,0,0,0,0
0.187361847,1,0,9.99,9.99,25,13,-0.053934335,39.15997962,11.15973867,46.605,9.74,49.71096,0.99892,-0.185873116,0,0,1,0,0,0,0,0,0,0,0,0
0.629142063,0,1,0,0,131,0,-0.069983661,67.98130601,5.797846995,103.625,1.29,27.96976,0.66105,-0.204665294,0,0,1,0,0,0,0,0,0,0,0,0
0.019575892,1,1,0.05,333,95,0,-0.069983661,55.78405396,8.931719424,71.815,5.23,10.8706,0.66105,0.354135162,0,0,1,0,0,0,0,0,0,0,0,0
0.275835349,1,0,9.99,999.99,68,13,-0.064083173,30.55019068,12.6625,41.85181818,10.15454545,30.15857,0.91078,0.254032634,0,0,1,0,0,0,0,0,0,0,0,0
-0.06503341,1,0,0.05,999.99,100,35,-0.05918123,33.09,12.34465517,90.95857143,2.311428571,36.66624,0.98423,-0.308684544,0,0,1,0,0,0,0,0,0,0,0,0
0.433852308,1,1,0.49,199.99,24,26,-0.036547565,22.59876703,13.72565866,12.425,12.52,32.09765,0.35256,-0.165199436,0,0,1,0,0,0,0,0,0,0,0,0
0.398769079,0,0,0,0,141,2508,0.479003106,48.02581448,12.40830065,52.865,8.37,24.34133,0.71981,-0.254067133,0,0,1,0,0,0,0,0,0,0,0,0
0.123571851,0,1,0,0,125,0,-0.069983661,56.62365077,10.09466996,116.145,-1.45,26.64766,0.2938,0.202182452,0,0,1,0,0,0,0,0,0,0,0,0
-0.305762292,0,1,0,0,136,0,-0.069983661,38.42367074,13.27507257,62.81613636,5.864090909,39.56017,0.94016,-0.177542159,0,0,1,0,0,0,0,0,0,0,0,0
0.011973134,0,1,0,0,145,0,-0.069983661,69.74154545,6.811030303,61.24,6.705,10.78246,0.76388,3.009130368,0,0,1,0,0,0,0,0,0,0,0,0
-0.081076874,1,0,0.01,999.99,171,0,-0.069983661,61.11748226,9.913431734,63.48615385,7.633846154,19.11169,0.96954,4.837729365,0,0,0,0,0,0,0,0,0,0,1,0
0.568125463,1,1,2.49,209.99,25,0,-0.069983661,55.4694844,8.455499736,52.865,8.37,28.48391,0.7345,0.100238663,0,0,1,0,0,0,0,0,0,0,0,0
0.48804356,1,0,12,179,72,31,-0.056694956,43.17249247,11.08366295,54.725,6.62,34.47743,0.33787,-0.313026773,0,0,1,0,0,0,0,0,0,0,0,0
0.55001082,1,1,5.49,149.99,176,0,-0.069983661,43.55503448,11.50691954,-18.2,17.04,27.13243,0.55822,-0.248753484,0,0,1,0,0,0,0,0,0,0,0,0
0.16782748,1,1,0.99,269.99,51,4,-0.067562948,40.92939815,12.58116255,118.175,-2.23,37.66516,0.22035,-0.309531663,0,0,1,0,0,0,0,0,0,0,0,0
0.407299876,1,1,7.99,139.99,60,0,-0.069983661,42.84264809,10.34565599,61.24,6.705,45.34803,0.76388,-0.265827941,0,0,1,0,0,0,0,0,0,0,0,0
0.467600072,1,1,0.29,199.99,133,10,-0.067663053,45.88852941,10.01529412,49.54272727,9.081818182,19.81681,0.8814,-0.232898635,0,0,0,0,0,1,0,0,0,0,0,0
0.348454795,0,1,0,0,170,11,-0.067986573,37.44029973,11.91800337,74.805,5.806666667,49.63751,0.89609,-0.282100495,0,0,1,0,0,0,0,0,0,0,0,0
-0.012940609,1,1,1,139.99,142,15,-0.06672337,41.69436993,10.14964925,50.665,8.18,35.96112,0.71981,-0.308522834,0,0,1,0,0,0,0,0,0,0,0,0
0.12024797,1,1,0.99,79.99,161,0,-0.069983661,50.36668232,10.15382629,66.1,6.275555556,45.75935,0.67574,-0.140487537,0,0,1,0,0,0,0,0,0,0,0,0
-0.441082743,1,1,0.99,49.99,152,0,-0.069983661,22.73822761,14.24896766,61.24,6.705,43.80558,0.57291,-0.179915835,0,0,1,0,0,0,0,0,0,0,0,0
-0.424910407,1,0,0.99,239.99,163,18,-0.066575357,34.77610308,15.57176301,33.575,9.57,27.24995,0.38194,-0.313511584,0,0,1,0,0,0,0,0,0,0,0,0
-0.015134986,1,1,0.99,324.99,174,0,-0.069983661,49.48470551,11.86402256,60.705,7.773333333,40.42688,0.94016,-0.292408829,0,0,1,0,0,0,0,0,0,0,0,0
-0.097100396,0,0,0,0,51,3,-0.068168126,52.55576658,9.885297158,71.76785714,6.727142857,32.24455,0.94016,-0.332739281,1,0,0,0,0,0,0,0,0,0,0,0
-1.181538914,0,0,0,0,99,4,-0.068736627,50.88731197,10.71968061,64.92454545,6.936363636,31.68633,0.85202,-0.332510993,0,0,0,0,0,1,0,0,0,0,0,0
0.194559387,0,0,0,0,56,8,-0.065574505,49.00224299,10.22189586,6.358571429,14.11142857,8.50551,0.61698,-0.332806322,1,0,0,0,0,0,0,0,0,0,0,0
-1.277538719,0,0,0,0,22,9,-0.057357443,50.32189055,11.78865672,83.85357143,5.041428571,4.92115,0.83733,-0.332800939,1,0,0,0,0,0,0,0,0,0,0,0
0.257082414,0,0,0,0,156,198,-0.03081001,40.32952931,11.37014066,34.16090909,11.22727273,32.7587,0.94016,-0.332780062,0,0,0,0,0,0,0,0,1,0,0,0
0.443386496,0,0,0,0,86,11,-0.066035929,49.70526187,9.21243317,47.3,8.897777778,42.601,0.71981,-0.332853422,0,0,0,0,0,0,0,0,1,0,0,0
0.238451887,0,0,0,0,77,10,-0.065975338,39.57071429,10.22428571,50.47076923,9.449230769,5.56751,0.99892,-0.332801442,1,0,0,0,0,0,0,0,0,0,0,0
0.441761207,0,1,0,0,153,68,-0.056266288,-29.9805814,38.80581395,37.9,10.20888889,9.66602,0.7345,-0.329077073,0,0,0,0,0,0,0,0,1,0,0,0
0.05716358,1,0,0.49,9.99,39,95,0.005198093,9.675426167,24.62102606,60.705,7.773333333,25.95723,0.80795,-0.332612162,0,0,0,0,0,0,0,0,1,0,0,0
0.392814152,0,0,0,0,92,79,-0.043480802,70.00116129,8.116329749,88.905,3.84,21.06546,0.83733,5.02611178,0,0,0,0,0,0,0,0,1,0,0,0
0.383332301,0,0,0,0,39,2,-0.068400887,26.47,12.3,18.77909091,13.37272727,8.54958,1.01361,-0.332787279,1,0,0,0,0,0,0,0,0,0,0,0
0.534289735,0,0,0,0,68,19,-0.061359871,65.51973262,7.192112299,66.4,5.24,11.06157,0.39663,-0.332810724,1,0,0,0,0,0,0,0,0,0,0,0
-3.182379661,0,0,0,0,1,1,-0.039119572,39.18943478,12.36426087,-50.01,20.98,7.06589,0.33787,-0.33285929,0,0,0,0,0,0,0,1,0,0,0,0
-3.182379661,0,0,0,0,34,11,-0.059998221,-3.337672414,17.32706897,46.605,9.74,3.12897,0.86671,-0.332858561,0,0,0,0,0,0,0,1,0,0,0,0
-1.094134934,0,0,0,0,139,19,-0.065764829,57.40583916,8.775524476,18.94,12.605,11.12033,0.77857,-0.332806146,0,0,0,0,0,0,0,1,0,0,0,0
0.495933701,0,0,0,0,29,3,-0.066790824,11.77857143,20.31142857,63.48615385,7.633846154,3.04083,0.98423,-0.332853843,1,0,0,0,0,0,0,0,0,0,0,0
0.204989219,0,0,0,0,173,6,-0.06891323,47.49827079,10.80233996,44.405,9.55,11.91359,0.83733,-0.332750528,0,0,0,0,0,0,0,0,1,0,0,0
-3.182379661,0,0,0,0,53,12,-0.062995565,-3.913157895,18.52526316,35.605,8.79,1.67466,0.22035,-0.33285849,0,0,0,0,0,0,0,0,1,0,0,0
0.058039281,0,0,0,0,14,27,-0.010460062,33.55625,12.55375,32.56,9.96,13.17693,0.49946,-0.332847517,0,0,0,0,0,0,0,0,1,0,0,0
-3.182379661,0,1,0,0,1,1,-0.039119572,27.23353594,14.75338953,35.945,10.73,40.23591,0.82264,-0.332859029,0,0,0,0,0,0,0,1,0,0,0,0
0.048501151,0,0,0,0,55,4,-0.067739,-2.050833333,30.31425926,46.605,9.74,10.09203,0.89609,-0.3328223,0,0,0,0,0,1,0,0,0,0,0,0
-3.182379661,0,0,0,0,6,5,-0.044263587,23.19339789,14.43390845,-52.04,21.76,5.89069,0.57291,-0.33285929,1,0,0,0,0,0,0,0,0,0,0,0
0.128497691,0,0,0,0,46,20,-0.056564492,41.63690771,12.46177686,76.50153846,5.818461538,9.51912,0.83733,-0.332716149,1,0,0,0,0,0,0,0,0,0,0,0
0.06504568,0,0,0,0,21,7,-0.059695631,34.77343502,15.8765811,32.505,11.70666667,40.2506,0.96954,-0.332813878,0,0,0,0,0,0,0,0,1,0,0,0
0.126541827,0,0,0,0,8,1,-0.06612565,43.9450627,11.05955068,63.48615385,7.633846154,13.25038,0.96954,-0.332827712,1,0,0,0,0,0,0,0,0,0,0,0
0.430899988,0,1,0,0,51,14,-0.061511166,50.36620225,10.65626966,39.74340909,9.082272727,34.12487,1.0283,-0.332485692,0,0,0,0,0,0,0,0,0,0,0,1
0.478734564,1,1,0.99,9.99,30,2,-0.067926055,47.42341993,10.27353388,84.91571429,3.154285714,33.09657,0.94016,-0.325622753,0,0,0,0,0,0,0,0,1,0,0,0
-3.182379661,0,0,0,0,7,2,-0.06116535,44.02970238,11.03080688,86.705,3.65,15.61547,0.61698,-0.332802213,0,0,0,0,0,1,0,0,0,0,0,0
0.34310411,1,1,0.99,5.49,102,9,-0.067260359,71.31564002,6.805274295,84.91571429,3.154285714,32.92029,0.95485,-0.308760788,0,0,0,0,0,0,0,0,0,0,0,1
0.491786218,0,0,0,0,124,37,-0.060774215,37.39068624,12.73180325,35.945,10.73,38.194,0.89609,-0.281262658,0,0,0,1,0,0,0,0,0,0,0,0
-0.061067926,0,1,0,0,63,5,-0.06753413,69.29474422,7.473399015,67.755,6.79,14.16116,0.92547,-0.329152287,0,0,1,0,0,0,0,0,0,0,0,0
-0.963204735,0,0,0,0,118,37,-0.060305938,53.63928571,9.255714286,60.705,7.773333333,17.84835,0.99892,-0.330431554,0,0,0,1,0,0,0,0,0,0,0,0
0.320396252,0,0,0,0,141,70,-0.054661064,60.24504777,8.800902926,65.725,7.57,46.96393,0.92547,-0.32837946,0,0,0,1,0,0,0,0,0,0,0,0
0.368190471,0,0,0,0,86,6,-0.067830352,63.61379703,7.892073491,41.85181818,10.15454545,18.84727,0.98423,-0.323516357,0,0,0,1,0,0,0,0,0,0,0,0
0.511951311,0,0,0,0,158,40,-0.062169968,74.68978659,5.387987805,17.445,12.31666667,17.17261,0.57291,-0.323087799,0,0,0,1,0,0,0,0,0,0,0,0
0.475554451,0,0,0,0,124,37,-0.060774215,55.38858696,8.390652174,57.23363636,8.009090909,45.96501,0.98423,-0.271997964,0,0,0,0,0,1,0,0,0,0,0,0
0.618609292,1,1,3.49,3.49,69,34,-0.054775269,62.6208532,7.916971831,77.81071429,5.884285714,25.64874,0.95485,-0.299433085,0,0,0,0,1,0,0,0,0,0,0,0
0.096704136,0,1,0,0,135,81,-0.051465208,54.62265984,10.49318771,73.845,4.45,44.26097,0.94016,-0.317945409,0,0,0,1,0,0,0,0,0,0,0,0
0.75867051,0,0,0,0,59,33,-0.052720696,46.12413793,14.03034483,75.875,3.67,1.85094,0.27911,-0.332732813,0,0,0,1,0,0,0,0,0,0,0,0
-0.266002535,1,1,1.29,69.99,29,5,-0.064662266,70.11748953,7.59910804,83.85357143,5.041428571,13.86736,0.96954,-0.331842162,0,0,0,0,0,0,0,0,0,0,0,1
0.522955511,1,1,1.99,1.99,162,8,-0.068459508,59.20859776,7.749651086,89.89642857,4.198571429,26.0013,0.85202,-0.331217199,0,0,0,1,0,0,0,0,0,0,0,0
-0.104607229,1,1,0.49,59.99,70,27,-0.058078941,59.15091361,7.530881954,66.4,5.24,26.89739,0.91078,-0.332667021,0,0,0,1,0,0,0,0,0,0,0,0
0.274818637,0,1,0,0,20,1,-0.068440457,46.02770421,11.79800721,56.7,7.586666667,38.06179,0.71981,-0.246237664,0,0,1,0,0,0,0,0,0,0,0,0
0.632161223,0,0,0,0,170,16,-0.067078806,68.81072368,7.201710526,83.00923077,4.910769231,16.5997,0.94016,-0.31116752,0,0,0,1,0,0,0,0,0,0,0,0
0.548557361,1,0,10,20,67,54,-0.045108127,34.4224015,12.37560976,57.23363636,8.009090909,17.05509,0.86671,-0.289689415,0,0,0,0,1,0,0,0,0,0,0,0
0.477503379,0,1,0,0,113,0,-0.069983661,44.50096511,11.53156608,45.645,8.383333333,46.55261,0.94016,-0.135927249,0,0,0,1,0,0,0,0,0,0,0,0
0.523149568,0,0,0,0,65,6,-0.067134668,70.304375,7.428125,90.95857143,2.311428571,4.17196,0.49946,-0.332754548,0,0,0,1,0,0,0,0,0,0,0,0
0.576727988,0,0,0,0,139,12,-0.067319135,31.87253049,16.4529065,-18.2,17.04,9.62195,0.54353,-0.331370605,0,0,0,1,0,0,0,0,0,0,0,0
0.382098043,0,1,0,0,176,27,-0.065248829,51.08036194,9.975203175,50.47076923,9.449230769,48.00692,0.98423,-0.186162512,0,0,0,1,0,0,0,0,0,0,0,0
0.443931149,0,0,0,0,112,26,-0.062818783,69.65590971,6.685608755,54.725,6.62,15.70361,0.32318,-0.320279959,0,0,0,1,0,0,0,0,0,0,0,0
0.394422101,0,0,0,0,71,91,-0.030425463,53.23465812,9.422564103,46.605,9.74,20.46317,0.98423,-0.317241251,0,0,0,1,0,0,0,0,0,0,0,0
0.535389524,0,0,0,0,89,45,-0.054378223,65.28314655,5.954741379,49.48,7.6,2.23288,0.4407,-0.327716112,0,0,0,1,0,0,0,0,0,0,0,0
0.626883369,0,0,0,0,115,31,-0.061663776,53.20848485,10.39232323,81.855,4.823333333,37.69454,0.76388,-0.285674331,0,0,0,1,0,0,0,0,0,0,0,0
-0.385505422,0,1,0,0,20,2,-0.066897252,46.80375,11.38916667,100.24,0.52,5.97883,0.27911,-0.32240242,0,0,0,0,0,0,0,0,0,0,0,1
-0.570026337,0,0,0,0,84,9,-0.066676794,42.58217424,10.78334574,34.16090909,11.22727273,40.50033,0.99892,-0.332023295,0,0,0,1,0,0,0,0,0,0,0,0
-0.341352261,0,0,0,0,129,0,-0.069983661,64.74706364,9.475209091,108.9825,-0.078333333,36.59279,0.92547,-0.126525541,0,0,0,0,1,0,0,0,0,0,0,0
-0.359724491,0,0,0,0,124,0,-0.069983661,42.16019175,12.33082274,69.785,6.01,48.63859,0.8814,1.112020475,0,0,0,0,1,0,0,0,0,0,0,0
0.043033654,1,0,7.99,79.99,161,0,-0.069983661,61.39129848,9.776395883,41.85181818,10.15454545,43.61461,0.91078,-0.25251621,0,0,0,0,1,0,0,0,0,0,0,0
-0.04745341,1,1,0.99,13.99,127,2,-0.069497612,45.20045734,9.530859995,64.92454545,6.936363636,44.64291,1.01361,-0.327802878,0,0,0,0,1,0,0,0,0,0,0,0
0.167512984,0,0,0,0,43,21,-0.054910501,44.46186364,11.93762338,66.1,6.275555556,21.43271,0.66105,0.223392436,0,0,0,0,1,0,0,0,0,0,0,0
0.311594232,1,0,0.99,89.99,147,35,-0.062635068,35.44611275,13.41347826,35.945,10.73,39.76583,0.99892,-0.309983035,0,0,0,0,1,0,0,0,0,0,0,0
0.265276251,1,1,0.99,99.99,184,0,-0.069983661,26.12656454,20.89,64.92454545,6.936363636,48.477,0.95485,-0.272701205,0,0,0,0,1,0,0,0,0,0,0,0
0.277862389,1,0,0.99,59.99,82,17,-0.063585008,20.13573913,20.73571014,33.0675,9.765,16.99633,1.0283,-0.329436385,0,0,0,0,1,0,0,0,0,0,0,0
0.451268597,1,0,14.95,134.99,67,9,-0.065837739,52.29764831,9.629166667,78.87285714,3.997142857,27.60251,0.57291,-0.332811438,0,0,0,0,1,0,0,0,0,0,0,0
0.344625355,1,0,14.99,119.99,79,0,-0.069983661,45.40569474,12.40338784,69.785,6.01,36.79845,0.66105,-0.322911672,0,0,0,0,1,0,0,0,0,0,0,0
0.340870559,1,0,0.99,179.99,96,35,-0.058731129,58.34608685,8.894637876,-50.01,20.98,43.42364,0.36725,-0.296685487,0,0,0,0,1,0,0,0,0,0,0,0
-0.744228873,0,0,0,0,32,0,-0.069983661,70.24259091,7.834227273,67.755,6.79,12.60402,0.86671,1.395061077,0,0,0,0,1,0,0,0,0,0,0,0
0.241187449,1,0,2.99,249.99,171,0,-0.069983661,48.08895384,10.14101285,96.02461538,3.095384615,47.99223,0.86671,-0.285594118,0,0,0,0,1,0,0,0,0,0,0,0
0.32845365,1,1,1,800,97,0,-0.069983661,31.437,16.32733333,56.97846154,8.541538462,13.00065,0.98423,-0.330881822,0,0,0,0,1,0,0,0,0,0,0,0
0.107239745,1,0,0.99,199,173,33,-0.064096291,49.01679515,11.34444598,59.745,6.416666667,26.77987,0.99892,-0.321569212,0,0,0,0,1,0,0,0,0,0,0,0
0.114200822,1,0,12.99,240,79,56,-0.04810532,53.65567838,9.544270253,77.81071429,5.884285714,49.40247,0.96954,-0.329143398,0,0,0,0,1,0,0,0,0,0,0,0
0.656662732,1,1,2.99,69.99,92,6,-0.067970786,69.23865886,7.705585451,57.23363636,8.009090909,32.45021,0.94016,-0.083792745,0,0,0,0,1,0,0,0,0,0,0,0
0.143115913,0,0,0,0,46,35,-0.046500115,48.51047191,10.32819585,69.785,6.01,39.64831,0.8814,-0.238536905,0,0,0,0,1,0,0,0,0,0,0,0
0.229443671,1,0,0.49,5.99,64,11,-0.064678896,44.52267271,11.01725362,71.76785714,6.727142857,48.52107,0.96954,-0.277542669,0,0,0,0,1,0,0,0,0,0,0,0
0.234375265,1,0,9.95,99.5,155,12,-0.067594183,22.47833333,15.68410334,100.24,0.52,45.05423,0.2938,-0.329860756,0,0,0,0,1,0,0,0,0,0,0,0
0.519524906,1,1,4.99,189.99,169,20,-0.066331106,62.10219272,8.609428793,103.0442857,0.625714286,48.35948,0.94016,-0.322670374,0,0,0,0,1,0,0,0,0,0,0,0
0.282078525,0,0,0,0,60,46,-0.046321193,54.0345,9.715190476,66.4,5.24,17.96587,0.42601,-0.253812898,0,0,0,0,1,0,0,0,0,0,0,0
0.490631018,1,0,9.99,129.99,62,0,-0.069983661,24.78288372,16.21205168,64.92454545,6.936363636,34.99158,0.99892,-0.328138177,0,0,0,0,1,0,0,0,0,0,0,0
0.096574081,0,1,0,0,130,21,-0.064997924,46.89608358,11.96630424,61.325,7.19,44.49601,0.89609,-0.327980959,0,0,0,0,1,0,0,0,0,0,0,0
0.452068866,1,0,0.99,99.99,136,0,-0.069983661,65.58401842,7.109370166,75.5,4.964444444,13.221,0.66105,-0.325719627,0,0,0,0,1,0,0,0,0,0,0,0
0.499224872,1,1,5.99,34.99,173,30,-0.064631507,31.49138867,17.44595367,63.48615385,7.633846154,42.04278,0.99892,-0.330746526,0,0,0,0,1,0,0,0,0,0,0,0
0.453304307,1,0,1.99,359.99,86,11,-0.066035929,48.90846525,11.03349421,66.4,5.24,42.65976,0.85202,-0.308905767,0,0,0,0,1,0,0,0,0,0,0,0
0.660237265,1,0,2.99,74.99,73,5,-0.067869682,47.55507123,13.43553219,52.865,8.37,48.0363,0.96954,-0.327744493,0,0,0,0,1,0,0,0,0,0,0,0
0.284784686,1,0,0.99,99.99,100,7,-0.067823175,45.15988184,13.89570896,40.09,9.655,26.10413,0.80795,-0.329844686,0,0,0,0,1,0,0,0,0,0,0,0
-1.144031861,1,0,2.99,49.99,93,13,-0.065669326,35.76950372,15.97146402,67.53,7.566666667,33.22878,0.91078,-0.324442257,0,0,0,0,1,0,0,0,0,0,0,0
0.600378782,0,1,0,0,172,0,-0.069983661,52.09035005,10.79670846,66.795,5.433333333,49.00584,0.96954,-0.298845531,0,0,0,0,0,0,0,0,0,1,0,0
0.339222964,0,1,0,0,182,68,-0.058452023,51.05782787,13.71483607,94.3,2.342222222,16.98164,0.61698,-0.126602644,0,0,0,0,0,0,0,0,0,1,0,0
0.603875518,0,0,0,0,175,0,-0.069983661,54.11361362,10.19057336,115.13,-1.06,47.02269,0.38194,0.031703412,0,0,0,0,0,0,0,0,0,1,0,0
0.458491359,0,0,0,0,119,92,-0.046122349,70.47927419,7.279516129,102.045,0.516666667,33.37568,0.32318,-0.307736863,0,0,0,0,0,0,0,0,0,1,0,0
0.503122176,1,0,1.99,79.99,71,19,-0.061724257,57.12927591,10.69838744,39.555,10.72333333,48.00692,0.95485,-0.330011168,0,0,0,0,0,0,0,0,0,1,0,0
0.321481696,0,0,0,0,163,50,-0.060516149,58.57993913,10.35159285,46.605,9.74,41.46987,0.95485,-0.213272963,0,0,0,0,0,0,0,0,0,1,0,0
0.566424506,0,1,0,0,169,21,-0.066148478,62.59850134,8.385263158,76.50153846,5.818461538,46.67013,0.96954,-0.286483007,0,0,0,0,0,0,0,0,0,1,0,0
0.482486995,0,0,0,0,170,36,-0.063447736,51.3597535,11.42445105,78.79051282,3.346153846,33.88983,0.94016,-0.28489379,0,0,0,0,0,0,0,0,0,1,0,0
0.491768956,0,1,0,0,170,0,-0.069983661,48.9404902,9.248627451,92.965,2.28,16.8935,0.54353,-0.329909358,0,0,0,0,0,0,0,0,0,1,0,0
0.354911496,1,1,1.49,64.99,180,0,-0.069983661,40.92075407,15.17843974,61.325,7.19,48.93239,0.86671,-0.287815403,0,0,0,0,0,0,0,0,0,1,0,0
0.35217956,1,1,0.99,99.99,40,14,-0.05918123,39.33469897,10.4583134,35.605,8.79,21.91748,0.22035,-0.261641564,0,0,0,0,0,0,0,0,0,0,0,1
0.415664361,0,1,0,0,177,18,-0.06684494,53.04453571,11.42546429,83.00923077,4.910769231,35.49104,0.95485,-0.322501874,0,0,0,0,0,0,0,0,0,1,0,0
0.672673879,0,0,0,0,131,50,-0.058203474,58.05737285,10.28813777,71.815,5.23,31.93606,0.57291,-0.325060131,0,0,0,0,0,0,0,0,0,1,0,0
0.380240232,0,0,0,0,132,27,-0.063670552,42.4377295,11.85782304,50.665,8.18,40.80882,0.77857,-0.282002525,0,0,0,0,0,0,0,0,0,1,0,0
0.624634605,0,0,0,0,169,64,-0.058295485,52.63336485,10.10123471,64.92454545,6.936363636,40.8382,0.8814,-0.321410239,0,0,0,0,0,0,0,0,0,1,0,0
0.550079395,0,0,0,0,178,19,-0.06668918,64.08914837,7.021266646,69.99384615,6.726153846,47.46339,0.98423,-0.325161342,0,0,0,0,0,0,0,0,0,1,0,0
0.488698327,0,0,0,0,168,6,-0.068881372,7.264285714,33.11404762,56.97846154,8.541538462,11.44351,0.89609,-0.319689299,0,0,0,0,0,0,0,0,0,1,0,0
0.589678279,0,0,0,0,173,0,-0.069983661,53.95321429,8.839285714,50.665,8.18,26.38324,0.67574,-0.308141805,0,0,0,0,0,0,0,0,0,1,0,0
0.336946298,0,0,0,0,177,44,-0.062311232,50.8470021,13.48201258,56.97846154,8.541538462,38.57594,0.99892,-0.275222997,0,0,0,0,0,0,0,0,0,1,0,0
0.487281913,0,0,0,0,145,37,-0.062107997,65.16453521,7.697859155,35.945,10.73,26.32448,0.92547,-0.302144312,0,0,0,0,0,0,0,0,0,1,0,0
0.632576925,1,1,0.99,199.99,137,14,-0.066829666,40.60023173,10.11478667,45.645,8.383333333,46.8611,0.94016,0.167170338,0,0,0,0,0,0,1,0,0,0,0,0
0.523456813,1,0,0.99,11.99,154,0,-0.069983661,44.88950283,11.66217603,44.405,9.55,47.18428,0.7345,-0.289114104,0,0,0,0,0,0,1,0,0,0,0,0
0.621763156,1,1,2.99,39.99,91,59,-0.049972878,39.86998994,10.57799943,37.45538462,11.26461538,47.16959,0.95485,-0.223510894,0,0,0,0,0,0,0,0,0,0,1,0
0.075889874,1,0,0.99,59.99,130,16,-0.066185004,55.54503364,8.844984472,59.745,6.416666667,24.37071,0.55822,0.231880273,0,0,0,0,0,0,1,0,0,0,0,0
0.480478872,1,1,1.99,11.99,22,9,-0.057357443,35.01992653,12.06911343,-2.745,16.62333333,40.38281,0.99892,-0.188994572,0,0,0,0,0,0,0,0,0,0,1,0
0.29362659,0,1,0,0,29,7,-0.062533709,48.68266892,9.423589661,67.53,7.566666667,25.20804,0.96954,-0.282746545,0,0,0,0,0,0,0,0,0,0,1,0
0.034447366,1,1,0.99,119.99,166,34,-0.063662101,42.03347458,11.58428571,57.23363636,8.009090909,48.97646,0.8814,0.333244022,0,0,0,0,0,0,1,0,0,0,0,0
0.621258702,1,1,8.99,23.99,28,9,-0.060063061,41.98344388,11.31621882,70.08365385,5.098846154,38.6347,0.98423,-0.279951293,0,0,0,0,0,0,0,0,0,0,1,0
0.426374007,1,0,1.99,119.99,127,0,-0.069983661,48.90285455,10.37345859,41.85181818,10.15454545,31.08404,0.92547,-0.057557382,0,0,0,0,0,0,1,0,0,0,0,0
0.380329694,1,0,6.99,29.99,37,5,-0.065812838,49.99538662,10.96174234,11.42461538,14.89538462,38.35559,0.99892,-0.326558914,0,0,0,0,0,0,1,0,0,0,0,0
-0.194494544,1,0,0.49,629.99,63,20,-0.060185538,1.610705758,19.94406601,83.32,2.88,46.58199,0.32318,1.601093728,0,0,0,0,0,0,0,0,0,0,1,0
0.635822459,1,1,2.99,49.99,130,68,-0.053839368,45.44696418,9.726703097,41.85181818,10.15454545,49.03522,0.92547,-0.190196713,0,0,0,0,0,0,0,0,0,0,1,0
-0.224601566,1,0,1.79,39.99,48,53,-0.035904563,28.94315126,16.17831933,39.555,10.72333333,40.79413,0.85202,-0.327694902,0,0,0,0,0,0,0,0,0,0,1,0
0.399284805,1,1,0.99,179.99,143,11,-0.0676095,40.77493789,10.74759834,53.655,8.756666667,48.7708,0.96954,-0.122157417,0,0,0,0,0,0,0,0,0,0,1,0
0.208587161,1,1,0.99,249.99,134,18,-0.065837739,17.354,18.391,57.23363636,8.009090909,28.07259,0.77857,-0.245816167,0,0,0,0,0,0,0,0,0,0,1,0
0.604427817,1,1,3.99,159.99,77,7,-0.067177835,37.15970769,13.50195897,17.445,12.31666667,46.67013,0.98423,-0.205674232,0,0,0,0,0,0,0,0,0,0,1,0
0.240801542,1,1,0.99,99.99,149,37,-0.062319424,39.89815315,11.32004004,50.56057692,7.821923077,47.80126,0.8814,-0.027167011,0,0,0,0,0,0,0,0,0,0,1,0
0.661099566,1,1,0.99,19.99,69,13,-0.064168688,23.48437609,17.89201571,34.16090909,11.22727273,31.61288,0.96954,-0.291985237,0,0,0,0,0,0,0,0,0,0,1,0
0.031259057,1,0,3.99,89.99,90,14,-0.06518258,54.78862343,9.786344856,43.96307692,10.35692308,41.26421,0.98423,-0.327952724,0,0,0,0,0,0,0,0,0,0,1,0
0.268506336,1,0,0.49,39.99,62,88,-0.026176567,45.96917891,11.29085988,38.595,9.366666667,48.94708,1.01361,-0.257546922,0,0,0,0,0,0,1,0,0,0,0,0
0.484028182,1,1,0.99,39.99,122,11,-0.067200833,45.79267412,9.097218236,24.44,13.08,17.45172,0.98423,-0.311911336,0,0,0,0,0,0,0,0,0,0,1,0
0.33641536,1,1,1.99,49.99,21,13,-0.05087732,40.1772028,12.05936286,18.405,13.67333333,46.74358,0.98423,-0.301799764,0,0,0,0,0,0,0,0,0,0,1,0
0.553972916,1,1,0.99,299.99,171,27,-0.065110384,29.82853846,16.84979487,53.655,8.756666667,38.95788,1.01361,-0.295629224,0,0,0,0,0,0,1,0,0,0,0,0
0.624674804,1,0,15.99,42.99,75,23,-0.060518674,62.60576037,7.163621924,52.865,8.37,24.88486,0.80795,-0.331548416,0,0,0,0,0,0,1,0,0,0,0,0
0.459480957,1,1,1.99,65.6,81,7,-0.067316394,44.51983902,11.86769886,18.94,12.605,47.96285,0.83733,-0.276182096,0,0,0,0,0,0,0,0,0,0,1,0
0.598356786,1,1,1.99,15.99,6,8,-0.028831543,48.1040991,10.92683398,27.485,11.91,28.46922,0.96954,-0.331787622,0,0,0,0,0,0,0,0,0,0,1,0
0.392398766,1,1,2.49,41.99,39,9,-0.062861179,37.73017169,13.75440729,40.09,9.655,28.58674,0.69043,-0.250494785,0,0,0,0,0,0,0,0,0,0,1,0
0.236776941,1,1,0.99,79.99,73,6,-0.067446887,32.43357073,12.08306076,10.565,14.27,45.90625,0.92547,-0.044965118,0,0,0,0,0,0,0,0,0,0,1,0
0.577382202,0,1,0,0,46,8,-0.064615993,40.77683516,12.09316484,34.16090909,11.22727273,32.93498,0.99892,-0.332474705,0,0,0,0,0,0,0,0,0,0,1,0
0.331079178,1,1,0.99,99.99,84,6,-0.067779083,31.08852056,13.91926335,34.16090909,11.22727273,43.39426,0.96954,-0.317769952,0,0,0,0,0,0,1,0,0,0,0,0